speaker;painting;level_oei;description;joy_score;sadness_score;fear_score;anger_score;surprise_score;joy_evidence;sadness_evidence;fear_evidence;anger_evidence;surprise_evidence;analysis
Никита;Фермерша;Средний;"Я вижу на картине фигуру женщины, которая представляется мне человеком простым, можно сказать, маленьким человеком. Который, в принципе, всю свою жизнь был, была такой, можно сказать, простодушной даже, но при этом доброй и искренней, хорошей матерью для своих детей. Но вот эти вот все грубые черты и в ее теле, и в лице, и в принципе, в самой картине, как бы, намекают на то, что жизнь ее заставила немножко огрубеть и вот этими гранями покрыться. И это на меня навевает такую вот тоску, что ли, по тому, как человека жизнь в квадрат загнала. 
 У меня ассоциации, в целом, с поколением наших родителей. Ну, я понял, что я вот этот образ, который я сейчас описал в начале, я для себя его вообще не искал. То есть он у меня вот сразу вот так вот выстроился, типа, ну вот, да, женщина, которую жизнь заставила, условно говоря, огрубеть, покрыться жесткими линиями. Для меня это как-то сразу на места встало. И я дальше вот все время пока смотрел, только искал какие-то детали и подтверждения, поэтому меня не было плавающего какого-то состояния. 
 Это, наверное, контур, в частности, то, как вот здесь ключицы жестко выделены, и как бы это показывает то, что плечи такие довольно грубые, большие, твердые. Да. Большие, тяжелые. Человек много физически работал, скорее всего, в своей жизни, это первое, что в глаза бросилось.
 Возможно, в этом стало меньше эмоций, просто когда я это проговорил. Ну, из-за того, что я это выпустил. Но в целом ассоциации не изменились, потому что у меня довольно сильный внутренний голос. Типа я, когда мысли, я это и так проговариваю.";0.1;0.7;0.0;0.0;0.2;доброй и искренней, хорошей матерью;жизнь ее заставила немножко огрубеть | тоску | жизнь в квадрат загнала | покрыться жесткими линиями | много физически работал;;;вот сразу вот так вот выстроился | первое, что в глаза бросилось;Текст в основном передает грусть из-за того, как жизнь изменила женщину, сделав ее более грубой. Есть небольшая радость от упоминания ее доброты и искренности. Удивление связано с тем, как быстро и четко сложился образ женщины в сознании наблюдателя. Страх и гнев в тексте отсутствуют.
Алиса;Фермерша;Средний;"Какая-то очень маскулинная женщина, как мне показалось. Почему маскулинная? Потому что у нее широкие плечи. Почему женщина? Потому что я вижу некоторую... эээ… Некоторый объем в области груди. Плюс картина сама по себе странно немножко нарисована, потому что здесь много четких линий и с одной стороны, вот ты смотришь и вроде бы видишь лицо, брови, глаза, нос, уши. А потом ты немножко меняешь угол зрения, и у тебя другие линии становятся вместо вот этих элементов лица так, будто бы изображение меняется. И поэтому... И поэтому оно кажется немножко зловещим. Вот. Еще мне нравится, что здесь есть контраст цветов, но это профдеформация небольшая, потому что я теперь, когда смотрю картину, после книги Итона про цвета начинаю их замечать. Но это так. Первое, о чем я думаю, это почему-то Малевич, хотя это не совсем его стиль, но тоже похоже на конструктивизм. И еще я почему-то сразу вспоминаю строчки про русскую женщину, что она коня на скаку остановит и в горящую избу зайдет. Ну это опять же про образ какой-то маскулинности. Наверное. Как-то так. 
 Достаточно жесткий, мне кажется. Скорее всего, он — или она, я не знаю — строг к себе и к окружающим, не любит каких-то излишеств. Точнее, не то, чтобы не любит, не позволяет скорее. Что еще. Но при этом, на самом деле, здесь есть какая-то искренность и честность. И его благородство, может быть, внутреннее. Но все это в оболочке достаточно грубой.
 Тут нет рта. Обычно, смотря на рот, можно многое понять. Но при этом здесь вот эта линия ключицы, чем-то напоминает рот, о чём я говорила в начале, что линии как-то странно собираются в разную форму. И у меня ощущение, что какие-то скорее положительные эмоции. Ну такие, нейтрально-положительные. Ещё я думаю, что на это влияет тёплая цветовая гамма. Здесь есть синий внизу, но в основном она тёплая. И это либо спокойствие, либо... Ну это не радость, но что-то такое. Не негативное, я бы сказала. 
 Мне немножко страшно, потому что... Криповая картина. И здесь ещё как будто ощущение эффекта славящей долины, когда ты видишь лица. Там, где мы не должны были их видеть или когда они искажены как-то... Короче... Мне крипово.";0.2;0.0;0.7;0.0;0.3;мне нравится, что здесь есть контраст цветов | какие-то скорее положительные эмоции | нейтрально-положительные | влияет тёплая цветовая гамма | спокойствие;;оно кажется немножко зловещим | мне немножко страшно | Криповая картина | ощущение эффекта славящей долины | мне крипово;;картина сама по себе странно немножко нарисована | изображение меняется | почему-то Малевич | это не совсем его стиль | линии как-то странно собираются в разную форму;В тексте преобладает страх из-за зловещего и крипового восприятия картины, а также эффекта славящей долины. Есть небольшая радость, связанная с положительными эмоциями от цветовой гаммы и контраста цветов. Удивление связано с необычным стилем картины и изменением восприятия изображения. Грусть и гнев отсутствуют.
Даниела;Фермерша;Средний;"Для меня это была ассоциация с каким-то собеседником, что это что-то напротив меня, какой-то человек. Почему-то мне сразу было страшно и немного грустно, чуть-чуть грустно. Я не понимала, почему грустно, мне казалось, что просто человек какой-то печальный. Возможно, синий стол имел какое-то влияние, потому что, не знаю, для меня почему-то синий стол ассоциируется с чем-то грустным, не знаю почему. И злость добавила фон, я думаю, и в целом оттенки вот эти какие-то красные, такие каковые жёсткие. И у меня ощущение, что у него, знаешь, ещё как будто из головы что-то типа рогов или что-то такое. Ну просто в моей какой-то фантазии так, знаете, потому что здесь ещё и свет, например, идёт вот так, то есть краски вот прям вот так идут, понимаешь, и это выглядит достаточно жутко. Это выглядит как будто от него какая-то аура достаточно жуткая. Он ещё и как будто руки ко мне протягивает, а я на это не соглашалась, что тоже, знаешь, не особо-то хорошо. Ну в общем, некий страх, правда, был испытан. Ну именно такой, как-то некомфортный, я бы сказала, человек.
 Ну вот именно скорее какой-то разговор, у меня как будто есть какая-то, какой-то портрет человека, с кем это можно ассоциировать, но я как-то не особо могу понять с кем. Уж просто как будто что-то подобное было. Нет, почему-то, знаешь, обычный трудяга. Вот такой обычный мужчина, вот пришёл после работы. Особо-то от него, скорее всего, опасности никакой ждать не надо, знаешь. Но почему-то она просто ощущается. Возможно, именно потому что это такой страх, не того, что мне от него что-то будет, а страх того, как будто мы сейчас поговорим, и я в депрессию от него впаду, знаешь, что это такое. Какой-то такой безопасный страх, насколько я понимаю.
 В целом, я вначале как-то попыталась объяснить, это вот именно какой-то страх с грустью, но какая-то такая печаль, да, такая, знаешь, просто навеялоя. Жалко, этого добряка. И себя теперь жалко. Да и вообще... Жизнь отстой. Оказалось бы, он просто сидит напротив, а ты уже...";0.0;0.7;0.8;0.3;0.2;;немного грустно | человек какой-то печальный | синий стол ассоциируется с чем-то грустным | печаль | жалко, этого добряка | себя теперь жалко | жизнь отстой;сразу было страшно | ощущение, что у него, знаешь, ещё как будто из головы что-то типа рогов | это выглядит достаточно жутко | аура достаточно жуткая | руки ко мне протягивает | некий страх, правда, был испытан | страх, не того, что мне от него что-то будет, а страх того, как будто мы сейчас поговорим, и я в депрессию от него впаду | безопасный страх;злость добавила фон | оттенки вот эти какие-то красные, такие каковые жёсткие;почему-то мне сразу было страшно | почему грустно | почему-то синий стол ассоциируется с чем-то грустным | почему-то она просто ощущается;Текст выражает сильные эмоции страха и грусти. Страх проявляется через описание жутких образов и ощущение угрозы, даже если она не явная. Грусть связана с ассоциациями с печалью и жалостью. Злость присутствует в меньшей степени, как фон, связанный с цветами. Удивление выражено через непонимание причин своих эмоций.
Арина Т;Фермерша;Низкий;Какая-то женщина, латино-американка, такая ей лет тридцать-сорок, не знаю. Ну у меня у бабушки в квартире похожая картина, но только в гиперреализме была. Всё, больше ничего не знаю. Ну просто картина. Такое не очень впечатляет. Вернее, это круто, но не фанат. Картина. В ней нету сюжета, в ней нету никакого, в целом, напряжения типо вот лицо. Это просто намалёвочек лица. Ничего не выражает и я ничего не выражаю в ответ. Скорее всего, короче, это вот как в классических всяких фильмах, мультфильмах, это вот мать троих детей, которые постоянно творят безумие. Она от этого устала, но она прям жёсткая и держит их всех в ежовых рукавицах. Стиль рисунка специфичный, конечно. Интересный, честно.;0.2;0.1;0.0;0.0;0.1;это круто | интересный, честно;она от этого устала;;;стиль рисунка специфичный;Текст выражает небольшую радость и интерес к картине, но в целом описывает её как не впечатляющую. Есть небольшая грусть в описании женщины, которая устала. Удивление выражено через упоминание специфичного стиля рисунка. Страх и гнев отсутствуют.
Алёна Л;Фермерша;Высокий;"Ну, я изначально ответила грусть. Но она такая неяркая, такая немножечко умиротворенная. Смирение. Как будто бы что-то такое. Надо объяснять, почему. Почему? Ну, во-первых, из-за позы. Ну, не знаю, как-то человек вот так, прямо смотрит. Насколько это можно сказать. Учитывая формат картинки. Из-за сочетания цветов. Оно какое-то такое довольно тусклое и при этом теплое. И поэтому я это как-то так как смиренность читаю. Я не знаю. Вот. Из-за какой-то простоты форм. Она очень понятная, очень доступная. И из-за этого как будто бы эмоция, кажется, довольно простой.
 Ну, это женщина. По ощущ(ениям).. Ну, знаешь, какие-то есть от нее вайбы, что она такая... Что она мать, во-первых. Почему-то. Вот. Такая рабочая женщина, которая весь день проводит в трудах. Немножечко уставшая, но как будто бы принявшая все это. И она просто живет день за днем таким рутинным. Проводит каждый день в день и не особо задумывается как будто о своей жизни. Вот. О том, что ей может что-то не нравиться. Ну, если честно, она мне еще очень напоминает персонажа из «Энканто». Вот эту вот сильную девушку. Возможно, у меня из-за этого немножечко ассоциации. Ну, не знаю, она очень простая, очень приземленная. Вот такое вот слово, мне кажется. Какое-то такое очень мирское, бытовое. Просто, ну, не знаю, как сказать... Такая крестьянка, но не крестьянка, потому что... Вайбы какие-то более мексиканские, не знаю. Ну, такие... Южные, в общем. Вот. Которая... Ну, ее жизнь как будто бы сосредоточена вокруг того, что происходит... Ну, что происходит прямо здесь и сейчас. Вокруг какого-то быта, какой-то рутины. Человек, который не думает о чем-то таком далеком, воздышанном или о чем-то, ну, сильно глубоком. Вот. Ориентируется просто на какие-то простые вот факты. Не знаю. Трудолюбивая сто процентов. Мне мазки нравятся. Не знаю. У нее такой довольно мрачный фон, на котором она нарисована, такой темно-бордовой, немножечко... Ну, как бы теплый, с одной стороны, и чувствуется эта теплота, с другой стороны, немножечко гнетущий, какой-то такой уют, но при этом, как сказать. Уют, который такой сковывающий, сдерживающий не дающий увидеть, не знаю, мир, увидеть что-то за пределами этого быта.";0.2;0.6;0.1;0.0;0.1;теплота | уют;грусть | немножечко умиротворенная | смирение | немножечко уставшая | мрачный фон | гнетущий уют;сковывающий, сдерживающий уют;;удивление от ассоциации с персонажем из «Энканто»;Текст в основном передает грусть и смирение, связанные с образом женщины, которая живет в рутине и не задумывается о чем-то большем. Есть небольшие элементы теплоты и уюта, но они также описаны как сковывающие и гнетущие. Удивление связано с ассоциацией с персонажем из фильма. Страх и гнев практически отсутствуют.
Кречка;Фермерша;Средний;"Ну это женщина. Думаю, потому что у неё вроде грудь есть и ключицы. Нос у неё большой. Ну прикольная картинка, мне нравится. Уши разные еще. Женщина.
 Думаю, она работает... Ну не работает, она такая домохозяйка какая-то обычная. Я бы не сказала что она русская женщина, но что-то похожее у нее есть. То есть такая сильная, готова сделать любую грязную работу, что-то такое. Ну и именно в бытовом. Ну скорее всего, если честно... Мне кажется что она несчастлива в отношениях. Я не знаю почему, но мне кажется что такие вот люди не всегда... Ну какой-то у них брак просто… Брак есть.
 Если честно тоже не знаю что я чувствую... Блин я не знаю как описать что я чувствую от этой картины, но мне кажется, что она чувствует... Ну вот то что я описывала - вот эта ее жизнь, вот эти вот факты. Но она вот видно что как будто какая-то уставшая чуть-чуть... Я не знаю, у нее неё нет рта, я не понимаю почему. То есть она просто как будто не... Ну вот так зацепилась, она просто сидит и ей уже все надоело, вот пришла посидеть посмотреть, просто даже может ей и не нравится сидеть.
 Ну наверное какой-то опыт жизненный общения. Так просто сложилось, что возможно у меня такой типаж людей у меня... Ну под одним каким-то... Ну как это объяснить... У них похожий и схожий жизненный опыт вот. То есть и рутина и так далее. И вот для меня они выглядят примерно так. 
 Ну мне нравится картина. Как будто какой-то художник просто описывал каких-то обычных жителей. Ну не знаю сколько лет этой картине, но как будто он просто хотел показать простых людей. Ничего такого особенного нет, но картина все равно эмоции вызывает, то есть она красивая, мне нравится смотреть. Классные цвета вот. Но вот этот фон еще красный какой-то странный почему-то... Именно такой выбор. Ну вот этот красный фон он больше такой как-то... больше такой как-то кровавый. Не знаю почему, как будто вот это все оттенки. Понимаешь, кажется что она чем-то действительно... Или у нее что-то прям тяжелое что-то за плечами, не знаю.
 Мне, наверное, стало грустно от этого.";0.4;0.7;0.3;0.0;0.2;прикольная картинка, мне нравится | мне нравится картина | она красивая, мне нравится смотреть | классные цвета;она несчастлива в отношениях | она как будто какая-то уставшая | ей уже все надоело | мне, наверное, стало грустно от этого;красный фон он больше такой как-то кровавый | или у нее что-то прям тяжелое что-то за плечами;;уши разные еще | фон еще красный какой-то странный;Текст содержит элементы радости, так как автору нравится картина и её цвета. Однако, преобладает грусть, связанная с восприятием женщины на картине как несчастливой и уставшей. Есть небольшие элементы страха из-за ассоциаций с кровавым фоном и тяжестью за плечами. Удивление выражено через необычные детали картины, такие как разные уши и странный красный фон. Гнев отсутствует.
Даниил;Фермерша;Высокий;"Я вижу человека, который стоит на темном фоне. У него не выражен рот. Он просто стоит и смотрит на меня по сути. В первый раз я вообще ничего не почувствовал. Сейчас, наверное, грусть. Потому что он какой-то мрачноватый. Ну так наверное картина создает такой фон. 
 Ну наверное просто удручающая аура у него. Он сам грустный, поэтому я почувствовал не свою грусть а его. 
 Ну мне кажется он довольно мягкий. Человек. Ну уставший, грустный, грузный человек. Просто у него плечи поникли. Он уже как будто безэмоциональный. 
 Ну да, прикольно. Наверное, потому что выполнена нестандартно. Ну она отличается от стандартных картин, поэтому цепляет глаз.";0.1;0.8;0.0;0.0;0.3;Ну да, прикольно | поэтому цепляет глаз;сейчас, наверное, грусть | он какой-то мрачноватый | удручающая аура | он сам грустный | уставший, грустный, грузный человек | плечи поникли | безэмоциональный;;;выполнена нестандартно | отличается от стандартных картин;Основная эмоция в тексте - грусть, так как описывается мрачный и удручающий образ человека на картине. Есть небольшая радость и удивление от нестандартности картины, но они незначительны по сравнению с грустью.
Варя;Фермерша;Средний;Честно, я даже, я даже не могу понять, что именно я вижу. С какой-то стороны это человек, но если описывать это не как именно просто то, что изображено, а именно то, что я чувствую, что у меня эта картина.. как бы в какие чувства она меня погружает, наверное, в какой-то страх, тревожность, потому что.. Возможно, мне кажется или не кажется, это глаза именно у этого человека. Возможно, это у меня просто зрение плохое, возможно, там действительно есть какой-то зрачок, и это красный оттенок, такой даже не красный, а такой светло-светло-алый, и сочетание цветов, именно цвета, как такой голубой цвет и темно-синий цвет на фоне с бордовым таким, это создает как атмосферу чего-то нагнетающего, но что-то очень маленькое и очень легкое, что-то такое. Это человек, который, как мне кажется, сидит где-то в какой-то жуткой комнате. Это человек, которому, наверное, плохо, страшно, тяжело, и который.. И который пытается найти что-то хорошее, потому что если смотреть на взгляд, то угол взгляда, он как бы немного вверх, возможно, это тоже что-то имеется в виду под этим. Мне кажется, это не самый хороший человек. Мне кажется, это человек, который за что-то очень сильно виноват, и пытается как бы сам себя, возможно, в этом оправдать. Ну, скорее всего, это мое восприятие цветов, потому что большое количество именно такого темно-бордового цвета. Бордовый цвет — это такой... Это цвет, который ассоциируется с болезнью, с виной, с чем-то нагнетающим, с чем-то таким тяжелым, масштабным, именно в негативном контексте. И маленьким-маленьким количеством именно такого светло-голубого цвета, он как... Как здесь, вот он здесь как акцент, и вот именно этот цвет, он как бы наводит на мысль то, что человек в душе может быть хорошим, но по факту, по факту то, что мы видим, это что-то... Что-то не самое лучшее.;0.1;0.4;0.7;0.0;0.3;человек в душе может быть хорошим;человек, которому, наверное, плохо | болезнь | вина | что-то нагнетающее | что-то таким тяжелым;страх | тревожность | жуткая комната | нагнетающего | плохо, страшно, тяжело;;я даже не могу понять, что именно я вижу | возможно, мне кажется или не кажется;Текст выражает в основном страх и тревожность из-за описания картины, которая вызывает чувство жуткости и нагнетания. Присутствует также грусть, связанная с ощущением болезни и вины. Удивление проявляется в непонимании и неуверенности в том, что изображено. Радость почти отсутствует, но есть небольшая надежда на то, что человек может быть хорошим в душе.
Игорь;Фермерша;Высокий;"Это женщина. Женщина очень необычно нарисованная. Такими мазками, но это не импрессионистские мазки, я не понимаю, какие это мазки. Но это что-то, наверное, из начала-середины 20 века. Такое, я не помню, это кубизм или абстракция. Наверное, что-то ближе к абстракции.
 Такая абстрактная женщина, немножко пугающая. Лицо безо рта, с большим носом. Это, в принципе, женщина в теле, такая хорошая. Ну вот из-за того, что фон такой темно-красный, практически кровавый, первое впечатление было такое, что немножечко такое легенькое чувство страха, что, знаешь, это монстр из шкафа, такой немножко. Но в целом, нет, картина выглядит интересно. Я бы, наверное, типа повесил ее в коридоре особняка, вот что-нибудь такое.
 Ну, мне кажется, вот как бы тут фон немножко намекает на то, что это вот, что называется, женщина... Русская женщина. Которая и в горящую избу и коня остановит на ходу, на скаку. Ну и само выражение лица, оно такое... Оно хоть и пугающее, но при этом вот в нем какая-то усталость чувствуется очень. То есть это... Она такая, она уставшая, она очень уставшая. Я думаю, у нее большая семья, которую она на себе тянет, как это свойственно в нашей стране женщинам. Ну, в принципе, в основном. Но она все равно, она тянет при этом. Она это выдерживает. Она такая, она сильная, она большая, она занимает большое пространство в картине. И, в принципе, как и в семье, соответственно, она тоже, наверное, занимает такое большое пространство собой. Потому что она как бы центр жизни для всей своей семьи. Но при этом себя она, скорее всего, центром не ощущает в своей жизни. Ну, что-то такое.
 Наверное, несмотря на то, что она такая очень не по-человечески выглядящая из-за стилистики, в ней при этом вот очень сильно узнается образ из реальной жизни. Вот такой. Это круто. Ну и мазки, конечно, я в восторге от такого. Блин, я правда... Чуть-чуть я затупил жестко. Я иногда думаю, что я чуть-чуть разбираюсь в искусстве, но вот в какие моменты я понимаю, что все-таки нет. Вот прям мазки мне очень нравятся.";0.4;0.5;0.3;0.0;0.2;картина выглядит интересно | я бы, наверное, типа повесил ее в коридоре особняка | это круто | я в восторге от такого;в нем какая-то усталость чувствуется | она уставшая, она очень уставшая | она тянет при этом | себя она, скорее всего, центром не ощущает в своей жизни;немножко пугающая | немножечко такое легенькое чувство страха | монстр из шкафа;;женщина очень необычно нарисованная | я не понимаю, какие это мазки | чуть-чуть я затупил жестко;Текст содержит умеренные проявления радости, связанные с интересом и восхищением от картины. Присутствует грусть, связанная с усталостью и тяжестью жизни изображенной женщины. Легкий страх вызван пугающим образом и цветами картины. Удивление связано с необычностью картины и непониманием техники. Гнев отсутствует.
Мария Сергеева;Фермерша;Средний;"Я этот стиль... Это же не импрессионист, кто это? Кто же это? этот... как Кандинский пишет. Мне как-то.. это.. У меня это какое-то отторжение первое вызывает... знаешь типа... ну чё-то не то в этой картине. То, что это женщина, мне... я сразу поняла, вроде бы, но какая-то она показалась злая такая. А сейчас более… Грустная. У неё плечи опущены. Взгляд пустой. Вообще нет взгляда. Что-то грустно. Зачем фон такой темный еще сделали? Прям неприятный фон. Отторжение. 
 Угнетенность какую-то. Ну, у нее опущены плечи прям низко, и в принципе, так голова посажена, что... Ну, сама поза по себе, она считывается как какое-то разочарование, типа, ты опускаешь руки. Ну и плюс у нее непрорисован взгляд и фон такой драматичный, на котором она выделяется. То есть как будто бы ее присутствие нежелательно для того окружения, в котором она написана. Вот такое вот давление на нее.
 Ну, бой-баба, знаешь. Вот так бы я ее описала. То есть, видимо, у нее широкие ключицы, плечи широкие. Сама по себе она такая достаточно... Мускулистая, то есть, видимо, какая-то крестьянка рабочая. Не... Ну, не думаю, что у нее такой прям мягкий и нежный характер, да. Это скорее волевая, сильная женщина. 
 О-о-о-о. Не знаю даже. Я необразованная. Тоска какая-то. Может, я предвзята?
 Не знаю. Настроение такое тоскливое.";0.0;0.8;0.2;0.1;0.3;;грустная | плечи опущены | взгляд пустой | что-то грустно | угнетенность | разочарование | тоска | настроение такое тоскливое;давление на нее | отторжение;злая | отторжение;кто это? | как Кандинский пишет | о-о-о-о;Текст выражает в основном грусть, что видно из описания картины и персонажа как грустных и угнетенных. Есть небольшие элементы страха и гнева, связанные с отторжением и давлением. Удивление проявляется в вопросах о стиле и авторе картины.
Ксюша;Фермерша;Низкий;"Ну, я вижу женщину. Получается, я... мне кажется, я уже видела эту картину. Вторая половина 19 века, но я не могу говорить наверняка. Так, ну, это получается... Там, по-моему, так и было, что… Это же Пикассо? что, в общем, этот художник, он что-то ездил там в Африку, по-моему. Ну, мне кажется, что вот эта вот картина, она про силу. Ну, тут такая большая, в общем-то, фигура этой женщины, и она почти весь холст занимает. И... Ну, такое всё, у неё ещё фон сзади красный, и мне почему-то за это цеплялось всё. Типа, она сама светлая больше, фигура, а сзади вот красный фон. Ну, тут такие, типа, резкие очертания, короче, у неё. И она геометричная очень. Вот. И у неё нет рта кстати, только заметила. И волос длинных тоже нет.
 Так. Ну, вот ключица у неё выражено нарисована. Ну, мне кажется, что, типа, просила что-то. Ну, это, наверное, большая часть из-за того, что у неё большая фигура, типа. И, скажем, вот... Ну, как бы, тут сильно деталей нет. 
 Э-э-э... В плане... Так. Ну, у меня просто... Я не знаю, я смотрю, у меня сразу... Почему-то... Короче, представляется, типа... Всё, что за картиной, типа. Ну, типа, где он это рисовал, что... Мне всё кажется, что... Она, типа, сидит в каком-то таком, типа... Вигваме африканском, а-ля... Вот, что... Ну, я, короче, как будто представляю ситуацию, в которой это рисовалось. У меня ассоциация с деревней какой-то, что... Там, не знаю, по очереди зовут с работы... По-другому, она типа, весь день работает. Типа, он зовет их всех и рисует в шатре. У меня плохо с абстрактными ассоциациями, поэтому... Какого-то, наверное, нет.Э-э-э... Ну... Мне кажется... Что она, во-первых... Ну, такая, как... Серьёзная, наверное. Она не понимает, почему её оторвали от работы, ей надо нормально отработать. Типа, позвали сидеть и... Ну... Скорее всего, какая-то немножко... Отстранённая, я бы сказала. Типа... Закрытая, серьёзная такая. Ну... Ну, это, кстати, наверное, вот... Это такая ассоциация за то, что... Из-за -э-э, из того, типа, как лицо нарисовано... Что она, типа, нет рта, типа... Нет улыбки какой-то. И у неё... Как будто... Как будто уставшие глаза, хотя глаза плохо прориованы. И мне почему-то кажется, что она такая... Что она устала. М-м... Ну... Э-э-э... Это, конечно же, всё, что додумала моя голова. Потому что, но.. 
 Мне просто кажется, что, ну то, что я сначала говорила, изначально про силу, что у неё такая... Вот по ней видно, что я сказала, что она устала. Мне кажется, что у неё такая типа тяжёлая жизнь вообще, что она там много работает в этой своей деревне, у неё там, наверное, еще дети. И откликается так, что... ну, типа, потому что человек сильный и... Ну, это как-то... Ну, наверное, ещё как-то возможно это же какая-то другая культура, типа, потому что... Ну, я почему-то представляю, что да. И... ну, короче, не знаю, откликается в плане, типа, схожести, типа, просто как я... Ну, в плане схожести, наверное, никак, условно, но... В остальном. Ну, вот, да, то, что, типа, сильная женщина из какой-то африканской деревни..
 Ну, это, кстати, из того, что было написано. Я ещё вот так вот подумала, как... как... как эмоцию описать. Ну... Ну, я бы не сказала, что это, типа, там, радость, грусть. Это скорее что-то, типа, наверное, сочувствие, вот. Да, наверное, вот так. Ну, это потому что вот у меня как-то выстраивается цепочка с тем, что... Женщина, которая вот тут изображена, что у неё какая-то непростая судьба.";0.1;0.6;0.0;0.0;0.2;светлая фигура | сила | сильная женщина;уставшие глаза | тяжёлая жизнь | непростая судьба | устала;;;только заметила | нет рта | геометричная | ассоциация с деревней;Текст содержит элементы грусти, связанные с восприятием усталости и тяжёлой жизни женщины на картине. Есть небольшая радость, связанная с восприятием силы и светлой фигуры. Удивление проявляется в неожиданных деталях картины, таких как отсутствие рта и геометричность. Страх и гнев в тексте отсутствуют.
Михаил;Фермерша;Высокий;"Ну, я вижу женщину. Нуу, в некотором таком...Абстракционистском стиле. Вот. На каком-то красном фоне. Ну, похоже, как будто сзади что-то выражается. Ярось вот... но я написал ""грусть"", потому что ну вот... какие-то на первом, ну, первом плане это синяя юбка, скорее ассоциацируется с какой-то ностальгией, может быть, с какой-то грустью. Вот. Ну и женщина так вот выглядит — мягкие черты лица, вот что-то такое... Еще можно сказать, какой-то такой поток чувствуется, может из-за мазков, что как-то сверху вниз идет. Перспектива какая-то есть у картины.
 У меня какие-то ассоциации с Фридой Кало. Возможно, я по её буду описывать.. Ну, какая-то женщина. По виду, наверно, можно сказать — такого простого характера, работящя. Возможно, родительница нескольких детей. Ходит на работу, там простые какие-то радости... Ну, здесь она какая-то... как-то выглядит задумчиво, наверное. То, что я говорил, про настроение. Из-за цветов, светлые оттенки, особенно по сравнению с фоном, какие-то черты лица так... задумчиво, брови дугами, смотрит куда-то, как будто бы вдаль... но это, конечно, так не поймешь, куда смотрит... Мне кажется, вот. Наверное, из-за этого.
 Какой-то гипнотический эффект, не могу оторваться от её глаз. Смотрю, причем... ну, остальная часть тоже интересная, как-то... глаза, интонация в лице... Надо в терминах... Ну, скажем вот печаль, одиночество, скажем...Мой стиль в исуксстве так и выглядит";0.2;0.8;0.1;0.1;0.3;простые какие-то радости | светлые оттенки;грусть | ностальгией | печаль | одиночество | задумчиво | грустью;гипнотический эффект;ярось;гипнотический эффект | не могу оторваться от её глаз;Текст в основном передает грусть и задумчивость, что связано с описанием женщины и её черт лица, а также ассоциациями с ностальгией и одиночеством. Есть небольшие элементы радости, связанные с простыми радостями и светлыми оттенками. Удивление и страх выражены через гипнотический эффект и невозможность оторваться от глаз. Гнев почти отсутствует, но упоминается в контексте фона.
Ильдар;Фермерша;Средний;"Ну, не знаю, сначала мне было очень смешно, какой-то, это мужик, видимо. Похожий на одного персонажа из Флэш Рояля – знаешь такую игру? Ну, вот на гиганта похож. Напомнил мне его. Знаешь, гиганта? Ну, вот. Ну, я думаю, первое впечатление, это вот именно гигант, потом я начинаю всматриваться, будто бы начал видеть какую-то женщину большую, ну, не знаю, как-то... Да, но сейчас, сейчас вижу какое-то лицо стрёмное. Ой, мне уже страшно, я уже, я уже вижу птичку, у неё есть клюв, клюв, две... вот клюв, две брови, два глаза, ну, это уже, да, птичка какая-то, птичка с телом. Ну, какая-то картина, не знаю, очень много... Сразу три образа, получается, вижу. Это женщина, ну, первая, это вот гигант из игры, потом какая-то женщина из Индии, может быть, откуда-то... Ну, я не знаю, может, это... Ну, может быть, откуда-то там. Потом, взглядываясь ещё поглубже, что-то вижу какую-то птичку, прям, видишь? Есть такое? Вот, вижу птичку какую-то.
 На самом деле, после того, как я увидел птичку, её сложно развидеть. Ну... Ну, глаза какие-то такие... Расслабленные, особо... Так сказать... Ничего ему не нужно, просто смотрит, ждёт, пока всё закончится. Будто бы он пришёл ко мне на... Куда-то ко мне, в общем, пришёл и ждёт, пока я его отпущу с таким взглядом. Не знаю, что ты здесь видишь, но я вижу здесь, будто бы... Давай, давай, я слушаю, сейчас пойду там рыбу ловить. Ага. Какую-то усталость. Очень сильную усталость. И у него, будто бы, глаза слипаются. И он сейчас вот-вот заснет. . Мне уже плохо, когда смотрю на неё. Я не могу, потому что развидеть ничего, кроме птички.";0.2;0.4;0.5;0.0;0.3;мне было очень смешно | похожий на одного персонажа из Флэш Рояля;очень сильную усталость | глаза слипаются | мне уже плохо;сейчас вижу какое-то лицо стрёмное | мне уже страшно;;сначала мне было очень смешно | вижу птичку какую-то | сразу три образа;Текст содержит элементы радости из-за ассоциации с игрой и персонажем, но также присутствует страх из-за странного и стрёмного лица. Грусть выражена через усталость и невозможность развидеть птичку. Удивление связано с неожиданными образами, которые появляются при взгляде на картину. Гнев отсутствует.
Арина Б;Фермерша;Высокий;"Я вижу девочку из мультика «Энканто». Которая такая вот силачка была. Ты смотрела? Вот. И она... Она супер спокойная. Кстати, знаешь, вот я сейчас присматриваюсь к картине и вот как будто бы сейчас я вижу, что она какая-то невыспавшаяся, злая и уставшая. А до этого я видела, что она такая спокойная, с закрытыми глазами. Это огромный нос, и она такая... Вот. Но я, наверное, всё-таки придерживаюсь первого, что закрытые глаза, спокойные. Вот. Ну, слушай, если я уже сравнила это с персонажем из «Энканто», я думаю, что она сильная, добрая, чувствительная, ответственная. Так. Да. За, я не знаю, что это, нос или что? Глаза. И глаза. Потому что как раз-таки именно они дают мне две разных интерпретации, то есть, если я так смотрю отдалённо и не выглядываюсь, чисто в очертания, вот в этот жирный контур, то я думаю, что как раз-таки это закрытые глаза и нос, там, просто нос. Вот. А если я вглядываюсь получше, то вижу тут красную точку, например. Это как будто бы у неё открытый глаз, невыспавшийся. Вот. И это... Ну, это всё так же остаётся, просто то, что в красных оттенках, это как раз подчёркивает её усталость какую-то. Злость, возможно.
 С Испанией ассоциируются. Ну, я чувствую интерес, мне хочется её разглядывать, потому что тут есть такая текстурированность, не знаю, как это назвать. Вот. Возможно, я чувствую замешательство, как раз-таки потому что это как... А мне интерпретируют так или так? Мне больше нравится, когда она спокойная. Вот. Эм... Я сказала про интерес? Мне интересно, почему у неё красный, например, фон у неё такой тёмный, мрачный. Вот. Этот фон, он супер... Эм... Контрастный с её лёгкой светлой одеждой. И фон такой, типа... Вот. Я не знаю, нормально я сказала или что-то ещё?";0.3;0.2;0.1;0.2;0.4;супер спокойная | сильная, добрая, чувствительная, ответственная | мне хочется её разглядывать;невыспавшаяся | уставшая | мрачный;злая | усталость;злая | красный фон;две разных интерпретации | красная точка | контрастный фон;В тексте присутствуют элементы радости, связанные с положительными качествами персонажа и интересом к картине. Грусть и страх выражены через описание усталости и злости персонажа. Гнев проявляется в описании злости и красного фона. Удивление связано с различными интерпретациями картины и контрастами в изображении.
Миша;Фермерша;Высокий;"Ну, я вижу женщину. Нуу, в некотором таком...Абстракционистском стиле. Вот. На каком-то красном фоне. Ну, похоже, как будто сзади что-то выражается. Ярось вот... но я написал ""грусть"", потому что ну вот... какие-то на первом, ну, первом плане это синяя юбка, скорее ассоциацируется с какой-то ностальгией, может быть, с какой-то грустью. Вот. Ну и женщина так вот выглядит — мягкие черты лица, вот что-то такое... Еще можно сказать, какой-то такой поток чувствуется, может из-за мазков, что как-то сверху вниз идет. Перспектива какая-то есть у картины. У меня какие-то ассоциации с Фридой Кало. Возможно, я по её буду описывать.. Ну, какая-то женщина. По виду, наверно, можно сказать — такого простого характера, работящя. Возможно, родительница нескольких детей. Ходит на работу, там простые какие-то радости... Ну, здесь она какая-то... как-то выглядит задумчиво, наверное. То, что я говорил, про настроение. Из-за цветов, светлые оттенки, особенно по сравнению с фоном, какие-то черты лица так... задумчиво, брови дугами, смотрит куда-то, как будто бы вдаль... но это, конечно, так не поймешь, куда смотрит... Мне кажется, вот. Наверное, из-за этого. Какой-то гипнотический эффект, не могу оторваться от её глаз. Смотрю, причем... ну, остальная часть тоже интересная, как-то... глаза, интонация в лице... Надо в терминах... Ну, скажем вот печаль, одиночество, скажем...Мой стиль в исуксстве так и выглядит.";0.2;0.8;0.0;0.1;0.3;простые какие-то радости | светлые оттенки;грусть | ностальгия | печаль | одиночество | задумчиво | не могу оторваться от её глаз;;Ярось;гипнотический эффект | не могу оторваться от её глаз;Текст в основном передает грусть и задумчивость, что выражается через слова 'грусть', 'ностальгия', 'печаль', 'одиночество'. Есть небольшие элементы радости, связанные с 'простыми радостями' и 'светлыми оттенками'. Удивление выражено через 'гипнотический эффект'. Гнев почти отсутствует, но упоминается 'Ярось'. Страх отсутствует.
Полина;Фермерша;Средний;"Человека. Я бы даже сказала, девушку, женщину. Вот. Немножко сутулю. Вот. Красивого цвета. Мне просто нравится цвет одежды. Вот. Ещё мне кажется, что она немножко уставшая и... Ну, вот, да, уставшая. Почему-то мне так кажется. Вот она с таким лицом сидит. Вот. Ну, вот меня цвет одежды привлекает. Вот. И нос, наверное, тоже привлекает внимание. Вот.
 Ну, вот единственное, что я могу предположить, это что человек устал от всего, от всякого разного. Вот. И сидит немножко хмурый, хмурая. Вот. Мне кажется, она трудолюбивая. Вот. Что я ещё могу сказать? Я не знаю, что ещё сказать. Мне почему-то кажется, что каким-то физическим трудом. Не знаю каким, но каким-то физическим как будто бы. Вообще, мне кажется, что она, возможно, откуда-то из сельской местности. Вот. Ну, почему-то мне кажется, что вот она как будто бы такая одновременно боевая и... боевая жёстко и серьёзная, но при этом очень добрая. Что-то такое как будто бы. Как будто бы она не сильно выражает свои там чувства, эмоции, там, я не знаю, нежность, любовь, но при этом она очень добрая, как-то вот у неё это по-другому проявляется, в каких-то других поступках. Не знаю. Ну, в таких поступках, как будто бы... Ну, в помощи какой-то, во внимательности, возможно, которая кому-то другому не заметна, не будет заметна, вот. Почему-то так, мне кажется. Ну, в... как будто бы таком полууставшем, хмуром. Ну, вот пока я вот это всё описывала и придумывала, ну, надумывала, как будто бы такое полусочувствие, я не знаю. Что ещё? Ну, почему-то пока я описывала, мне эта картина приятнее стала. Вот.";0.3;0.5;0.0;0.0;0.2;Мне просто нравится цвет одежды | пока я описывала, мне эта картина приятнее стала;она немножко уставшая | человек устал от всего | сидит немножко хмурый, хмурая | полууставшем, хмуром;;;почему-то мне кажется | почему-то так, мне кажется;В тексте присутствуют эмоции грусти и усталости, так как описывается уставший и хмурый вид женщины. Есть небольшая радость от цвета одежды и того, что картина стала приятнее. Удивление выражено в повторяющихся фразах 'почему-то мне кажется'. Страх и гнев отсутствуют.
Катя Ш.;Фермерша;Низкий;"Интересно... мне кажется эта женщина... честно я не очень шарю за искусство, я прогуливала пары по истории искусства... женщина... я не знаю, какие эмоции она испытывает, но темно-красный фон и ее черты лица, они раскрашены красным цветом... мне кажется это одиночество... вот так выглядит... или... или это мужчина с бородой? Наверное, может быть какую-то усталость. 
 Какой-то рабочий, судя по всему. Что-то из более простой прослойки общества. Мне кажется, это 20 век. Ну вот чисто визуально я могу ошибаться, но мне вот и борода, и это футболка не напоминают о том, что он какой-то сельский рабочий скорее всего... Мне кажется такой тихий? Как будто бы он не особо задумывается над тем, что делает. Он такой простой. Он очень просто изображен, как бы.. Он просто живет свою жизнь, работает. все по классике. Может быть это прям совсем не так. Ну да, у меня сложилось впечатление, что он уставший от работы человек, и может быть это как-то говорит о... я забыла это слово... Когда всему приходит конец. Наверное, сочувствие. Я говорю. Мне кажется это одиночество. Я как бы... да, может быть, ассоциируюсь немного... Всмысле немного понимаю. По стилю. Я не особо разбираюсь, что это. Ну вот мне кажется это типа первой половины двадцатого века, может быть... и новое искусство. Но меня очень напрягают его черты лица. Этот огромный нос и близко расположенные глаза и отсутствие зрачков нормальных, вот из-за ракурса это напрягает. чисто из вот всего другого окружающего...";0.0;0.5;0.3;0.0;0.4;;одиночество | усталость | уставший от работы человек | сочувствие;напрягают его черты лица | отсутствие зрачков нормальных | напрягает;;Интересно... | я не знаю | мне кажется | может быть | я могу ошибаться;Текст содержит элементы грусти, связанные с одиночеством и усталостью изображенного человека. Также присутствует страх, вызванный чертами лица на картине. Удивление выражено через неуверенность и размышления о том, что изображено на картине. Радость и гнев в тексте отсутствуют.
Катя;Фермерша;Средний;Мне напоминает это женщину. Конкретно персонажа из мультика. Вот из “Энканто” похоже очень на Луизу. И на самом деле, мне кажется, мне не очень нравится эта картина, из-за того, что здесь очень много резких линий. Вот ключица, грудь, нос. И цвета использованы темные. Из-за этого сверху какая-то мрачность. Поэтому, ну, больше вначале я чувствовала удивление. Сейчас, наверное, больше страх из-за того, что резко все и темно. Ну, я думаю, это какая-то трудящаяся женщина с каким-то таким сильным характером. Что ей пришлось что-то испытать тяжелое, что она достаточно суровая. Ну, со стержнем, вот так сказать. Опять-таки, четкие линии и просто, что у женщины достаточно широкие плечи, и она просто выглядит крупно из-за того, что она, ну, вот, по всей ширине картины. Усталость, наверное, потому что... Ну, она выглядит как будто бы... Я получаю энергию, как будто бы она больше из прошлого, и что вот в этом прошлом она очень много работала, и сейчас просто села, чтобы ее нарисовали, и она отдыхает.;0.1;0.4;0.5;0.2;0.3;мне напоминает это женщину | персонажа из мультика | похоже очень на Луизу;темные цвета | мрачность | усталость | она очень много работала;страх из-за того, что резко все и темно | суровая | что-то испытать тяжелое;мне не очень нравится эта картина | резкие линии;вначале я чувствовала удивление;Текст содержит элементы грусти и страха из-за мрачности и резкости картины, а также упоминания о тяжелом прошлом женщины. Удивление присутствует в начале, но затем сменяется страхом. Небольшая радость связана с ассоциацией с персонажем из мультика. Гнев выражен в неприязни к резким линиям картины.
Лиза;Фермерша;Средний;Женщину. Наверное, не счастливую. У неё нет эмоций. Глаз у неё нет. Вообще она как-то страшненькая. Так сидит, сгорбившись. Устала, наверное. Не знаю. Ну нос, наверное. Большой треугольный. Глаза че-то они без зрачков. Пугающие. Не знаю. Обычный. NPC. Несчастный, может быть. Не знаю. Так вот, глаз нет. По чему предполагать-то? Обычный. После работы в поле. Уставшая. Вот.;0.0;0.6;0.4;0.0;0.2;;не счастливую | сгорбившись | устала | несчастный | уставшая;страшненькая | пугающие;;глаз у неё нет | глаза че-то они без зрачков;Текст содержит элементы грусти, так как описывается несчастная и уставшая женщина. Есть также элементы страха из-за описания её как 'страшненькая' и 'пугающие' глаза. Удивление присутствует в меньшей степени из-за необычного описания глаз. Радость и гнев отсутствуют.
Крис;Фермерша;Средний;"Женщину. Достаточно массивную. Какая-то маскулинность присутствует в ней. Первое, что у меня пришло, это какая-то гнев и агрессия. Поскольку цвета достаточно темные. И Мазки неаккуратные, скажем так. Картинка негладкая. Ну такая бой-баба, которая может за себя постоять, вероятнее всего.. Достаточно острая язык. Вот так я ощущаю.
 Какое-то раздражение. Не знаю, узкие глаза. Скованность какая-то, напряжение в верхней части ощущается. Ну, наверное, судя по тому, как я села, мне не очень приятно смотреть, поэтому не могу объяснить… Но какая-то некая агрессия и опасность ощущается. Внушение власти. Ассоциация? Деревня. Такая вот женщина, которая и коня на скаку остановит, и в горящую избу войдет. Вот такие ощущения.";0.0;0.1;0.4;0.8;0.2;;не очень приятно смотреть;какая-то агрессия и опасность ощущается | внушение власти;гнев и агрессия | раздражение | неаккуратные мазки | скованность | напряжение;какая-то маскулинность | бой-баба | острая язык;Текст содержит сильные эмоции гнева и агрессии, что выражено через описание картины и её элементов. Также присутствует страх, связанный с ощущением опасности и власти. Удивление выражено через неожиданные характеристики женщины на картине. Грусть и радость практически отсутствуют.
Алина;Фермерша;Средний;"Женщина. Большая, У неё очень.. Я пытаюсь понять выражение лица, но я не могу понять, что она из себя представляет, скажем так. Я даже не знаю, как будто бы просто смотрит на меня. Без явного раздражения. Сначала мне показалось, что она как будто может быть нахмуренная. Я смотрю, вроде нет. Вроде не хмурится. Мне сразу представилось, как будто она кухарка. Прям вот видно, как стоит там, скрывается. С кастрюлей чему-нибудь там моет. Ой, нет, не моет, варит. Ну вот прям на кухне чему-то, не знаю. Сразу представилось так.
 Она очень трудолюбива. Вот прям видно, что готова много трудиться. То, что... Может быть, не такая эмоциональная, как вот... Не сказать, что обычный человек, но короче, не сильно эмоциональная. Ну, наверное, так бы описала. Наверное, уважительно, потому что она выглядит, как человек большого труда. И как бы, ну, блин, это... Это серьезно. Я бы так не смогла.
 Мне видно, что она прям трудяшка. И, ну, наверное, да, меня вызывает какое-то уважение.";0.2;0.0;0.0;0.0;0.1;уважительно | вызывает какое-то уважение;;;;пытаюсь понять | не могу понять | как будто бы просто смотрит на меня;Текст содержит элементы уважения и небольшой радости, связанные с трудолюбием женщины. Удивление проявляется в попытках понять выражение лица и характер женщины. Грусть, страх и гнев отсутствуют.
Ксеша;Фермерша;Средний;"Ну, это как будто какая-то женщина-крестьянка. Очень уставшая от своей жизни, работы, семьи. Такая прям, типа, стирала белье пять дней. И вот она сейчас такая немножечко, как бы, невзрачненькая. Вот. 
 Ассоциация? Ну, с какой-то деревней. Типа, с какой-то старой деревней. Типа, как будто это какой-то там исторический момент, условно говоря. Ну, вот с какой-то такой семьей, возможно, не очень благополучной. Ну, типа, старая. Стандартная, базовая, сельская семья 200 лет назад. 100 лет назад. Вот. 
 Ну, наверное, как-то грустно немножко за нее, что она так уработалась. Ну,такая, там еще фон красненький, как будто нагнетающая обстановка.
 Ей как будто вообще не очень. Ну если бы, условно говоря, представить, что это фотография, то ей как-будто не очень нравится, что я фотографируют. Ну то есть она такая, типа, ну ладно, давайте, хорошо, давайте там я вам попозирую, условно говоря, а потом пойду дальше делать свои дела, укладывать спать десятерых детей. Ну так, типа, как будто ее немножечко заставили.
 Ну как будто просто вот у нее такие впалые глаза и возможно вообще мужик с бородой, но, наверное, нет. Ну и вот, наверное, фон, то что такой фон темный, что она так абстрактно нарисована.
 Я бы хотела посмотреть, как это выглядит в реализме. Ну типа, чтобы как-то больше понять, что здесь происходит, потому что так это буквально вот просто первое, что мне бросилось в глаза, а так если получше посмотреть, то может быть она и довольна. Но вот сейчас она не выглядит довольно. У нее еще такие опущенные брови. Грустная. Такая вот. Уставшая.";0.1;0.8;0.3;0.2;0.2;может быть она и довольна;очень уставшая от своей жизни | грустно немножко за нее | у нее такие опущенные брови | грустная | уставшая;фон красненький, как будто нагнетающая обстановка | темный фон;как будто ее немножечко заставили;как будто это какой-то там исторический момент | первое, что мне бросилось в глаза;Текст в основном передает грусть и усталость, связанные с образом женщины-крестьянки, которая уработалась и выглядит грустной и уставшей. Есть небольшие элементы страха из-за нагнетающей обстановки и темного фона. Удивление связано с историческим контекстом и первыми впечатлениями от картины. Радость почти отсутствует, но есть небольшая возможность, что женщина может быть довольна. Гнев выражен слабо, через ощущение принуждения.
Ульяна;Фермерша;Низкий;Женщину. Я не знаю, что тут ещё сказать. Ну, интересно, конечно, такое всё фигурно. Ну, каким-то физическим трудом. Она какая-то такая. Уставшая. Ну, она как будто вот... Вот так вот плечи у неё как-то... Не знаю. Грустно как-то. Устала. Ну, вот такие какие-то. Ну, сильная, и такая сильная женщина. Какой-то твердый такой характер. Не знаю. Ну, такой какой-то... Сначала, когда я первую секунду посмотрела... Мне показалось, что какой-то как... Ну, такие цвета яркие. И разный контраст такой цветов. Мне показалось, какой-то праздник какой-то. Такое вот было ощущение. А потом я сейчас вгляделась, и мне кажется, уже вообще никакого праздника нет. Как-то очень... И фон такой красный какой-то. Вот так.;0.3;0.7;0.0;0.0;0.4;интересно | цвета яркие | праздник | ощущение;грустно | уставшая | никакого праздника | очень;;;интересно | праздник | вгляделась | фон такой красный;В тексте присутствуют эмоции грусти и удивления. Грусть выражена через описание уставшей женщины и отсутствие праздника. Удивление связано с первоначальным восприятием ярких цветов и контраста, которые затем сменились на более грустное восприятие. Радость присутствует в меньшей степени, связанная с интересом и первоначальным ощущением праздника.
Катюшка;Фермерша;Низкий;"Что изображено на картине? Женщина, похожая на какую-то крепостную. Что-то крестьянское, рабочее в ней прослеживается, грубоватое, но, мне кажется, это из-за самого рисунка, таких острых линий и минималистичности, которая тут есть. Ну еще у нее очень расплывчато для меня прорисовано лицо, и, наверное, это тоже добавляет какого-то интереса. Потому что я не понимаю до конца, как она выглядит. Я понимаю, что это мог быть просто какой-то собирательный образ, может быть, это чей-то портрет, но в любом случае непонятно, какой живой человек стоит за ней. Вот. Ну пока, наверное, все. Ну, мне первое слово суровая. Наверное, потому что она такая достаточно собранная, у нее крупные черты лица. Хотя глаза не очень. Ну, в общем, она изображена такой достаточно, вот как это в русском называется, такая, наверное, слово «баба» ей подходит. Ну, в хорошем смысле. Ну, вот какая-то такая, наверное, работящая, немножко суровая, трудолюбивая, прямая, простая. Вот так вот. 
 Нос. Нос и вот этот вот странный переход от лица к телу. Я как будто это немножко напоминает бороду, но у меня это не вяжется с образом женщины здесь. Не понимаю, что это до конца. Или как будто это тень, то есть лицо заканчивается, вот я оранжевая, да, вот. Бордовый, это как будто тень от лица. Ну, в общем, я не до конца понимаю, как я это вижу, то есть, как что это для меня выглядит. Вот. Ну и нос, он в сравнении с глазами очень большой. И сейчас я заметила, что я не вижу губ, что нет рта. Вот. Наверное, да, вот эти черты меня в первую очередь привлекли. 
 Ну она сидит так, немножко сгорбившись. Ну как-то вот так. Как будто она устала, если честно. Ну то есть в таком. Спокойном достаточно состоянии, но, как будто, вот, если это реальный человек, как будто её заставили позировать немножко для картины. Вот. 
 То есть в таком расслабленном, но уставшем немножко, я бы так сказала. 
 Вот ее платье. Оно тоже у меня, ну не в первую очередь, но тоже я на него обратила внимание, оно немножко у меня не вяжется целиком, ну, в целом, с ее образом. То есть оно для меня какое-то слишком элегантное для нее. Возможно, грубовато звучит, но оно больше своими цветами, вот этим каким-то перламутром переливающимся напоминает, ну, как-то в сознании подходит для другого человека, нежели для нее. Вот, поэтому для меня оно немножко выбивается из картины.";0.1;0.3;0.1;0.0;0.4;добавляет какого-то интереса | перламутром переливающимся;как будто она устала | в расслабленном, но уставшем немножко;не понимаю до конца | не до конца понимаю;;странный переход от лица к телу | не вижу губ, что нет рта | платье... не вяжется целиком;Текст содержит элементы удивления из-за необычных черт картины, таких как странный переход от лица к телу и отсутствие рта. Есть небольшая грусть, связанная с усталым видом женщины. Присутствует легкий интерес, вызванный загадочностью образа и переливающимся платьем. Страх выражен в непонимании некоторых деталей картины. Гнев отсутствует.
Юлия;Фермерша;Высокий;Вероятно, изображена женщина, мне так кажется. Такую картину очень сложно описать, если честно. Такая с грубыми чертами лица, полная женщина изображенная на темном фоне, но при этом нарядно одетая. По ощущениям, она может быть какой-нибудь домработницей. По ощущениям, кажется, что у неё была тяжёлая жизнь. Возможно, у неё большая семья, которую она пытается прикормить. Самостоятельно, работая домработницей на какую-то богатую семью. Уставшая от работы. Исходя из того, как она изображена, у меня возникают именно такие мысли о ней.;0.1;0.7;0.2;0.0;0.1;нарядно одетая;тяжёлая жизнь | уставшая от работы | пытается прикормить | самостоятельно;тяжёлая жизнь;;очень сложно описать;Текст в основном передает грусть, так как описывается тяжёлая жизнь женщины, её усталость и необходимость заботиться о большой семье. Небольшая радость может быть связана с тем, что она нарядно одета, что может указывать на некоторую гордость или уважение. Удивление выражено в сложности описания картины. Страх присутствует в контексте тяжёлой жизни, но он не доминирует. Гнев отсутствует.
Алина П;Фермерша;Высокий;"Ну, женщину, портрет женщины. Ну, первое, что мне бросилось в глаза, это то, как изображено ее лицо. Что черты достаточно такие, ну, почему-то нет губ. По крайней мере, я их не вижу. Они немножко непропорциональны. Сейчас я подумала, что я даже не уверена, что это женщина. Но сначала я подумала... Я подумала, что это женщина. Наверное, за счет строения тела, за счет того, что тут как будто бы силуэт груди есть. Вот. Еще у меня бросилось в глаза, что тут достаточно такие... Ну, мне эти цвета, которые тут подобраны, называют такое. Не то, что отражение, но они какие-то как будто бы негармоничные немножко. Вот. Что еще рассказать про нее? Или про него? Наверное, в целом, да. Но я выбрала, что... Я испытывала, наверное, какой-то страх. Но скорее чувство было... Смешанное. Потому что сначала было удивление. Наверное, вот это все вместе, вот эта цветовая палитра, такое необычное изображение лица. Потому что вроде бы это портрет человека, но он... Даже на человека так сдалека не прямо похож. Вот. Наверное, все это вместе во мне вызвало такие смешанные эмоции, но не то, чтобы... Не то, чтобы положительные. Картина мне не понравилась.
 Ну, это большой вопрос, что под подбородком. Если это борода, то, наверное, это он. Но я все-таки склоняюсь... Для меня это все-таки больше всего это женщины, вот опять же, за счет строения тела. Мне кажется, что она достаточно такая, ну, крупного телосложения, скажем так. У меня сложилось впечатление, что это какая-то женщина, которая жила несколько веков назад и занималась, наверное, какой-то... Ну, такой, работой, вроде, может быть... Не знаю, не домработница, ну, какие-то такие, да, наверное, физически скорее манипуляции выполняла.
 Строгий. Возможно, чуть-чуть такой. Простоватый или прямолинейный. Без... Ну, да, мне кажется, что вот я какую-то простоту вот в ее таком облике читаю. Что она простой такой человек. Не сильно, может быть... Значит, есть вот категория людей, вот как, допустим, наше поколение такое больше задумывается о каких-то своих внутренних эмоциях. О эмоциях других людей. В целом, какие-то вот такие вопросы сложные себе задает и миру. А вот мы просто недавно с Катей обсуждали, почему-то наши родители, например, они, ну, проще живут. В плане, они не так задумываются об этом. У них как будто бы почему-то в их голове... Ну, кстати, моя мама не такая, например, но большинство людей, как будто бы вот старшего поколения, они попроще к этому относятся. Хотя, возможно, от этого им и тяжелее живется. Вот мне кажется, она ко второй категории относится. 
 Сложно определить. У нее же невидимые лица. Ну, такая она как будто бы смурная немножко. Такая серьезная. Наверное, напряженная, может быть, чуть-чуть.";0.0;0.3;0.4;0.0;0.5;;Картина мне не понравилась | смурная немножко | серьезная | напряженная;я испытывала, наверное, какой-то страх | смешанные эмоции, но не то, чтобы положительные;;первое, что мне бросилось в глаза | сначала было удивление | необычное изображение лица | вызвало такие смешанные эмоции;Текст содержит элементы удивления и страха, вызванные необычным изображением и непропорциональностью черт лица. Грусть проявляется в описании картины как не понравившейся и в описании персонажа как смурного и напряженного. Радость и гнев отсутствуют.
Валерия;Фермерша;Низкий;"Я вижу женщину. Я полагаю, что она скорее всего испытывает что-то смешанное между агрессией и отчаянием. Первая эмоция, которую я испытала, это страх. Паника, возможно. Сейчас это переходит в такую более умиротворенную грусть. Но вот этот фоновый страх, он присутствует.
 По взгляду и, наверное, за счёт красок, цвета, возможно, масштаб фигур изображённых. Ну да, тень очень хорошо помогает понятия почувствовать.
 Ну я думаю, это что-то историческое, она какая-нибудь крестьянка или рабочая. Наверное, у нее очень тяжелая жизнь и она большую часть времени занимается работой. Тяжёлой работой. Ну, по взгляду, наверное. В целом, мне кажется, что человек, который проживает лёгкую, радостную жизнь, он не испытывает настолько сильных эмоций, которые передаёт эта картина.
 Я думаю, что она достаточно добрый, открытый человек с большой душой, который скрывается за маской жесткости, суровости, каких-то чётких правил.
 Фон, однозначно. Вот этот элемент на лице — не понятно, то ли это тень от головы, то ли шея, то ли подбородок темный. Ключица, да. Ну, голова привлекает больше всего внимание, наверное, потому что в центре находится.
 Вероятно, эта картина придает какой-то определенный период жизни этой женщины или определенный момент. Вероятно, в данный момент у нее случилось что-то тяжелое, сложное, и она находится на грани. И эта маска, которая прикрывается от посторонних, эта маска суровости и жесткости, она потихонечку... Потихонечку слетает и открывается ее внутренние раны и боль.";0.0;0.8;0.7;0.3;0.2;;умиротворенная грусть | очень тяжелая жизнь | внутренние раны и боль | что-то тяжелое, сложное;первая эмоция, которую я испытала, это страх | паника, возможно | фоновый страх, он присутствует;агрессия | маска жесткости, суровости;маска потихонечку слетает | открывается ее внутренние раны;Текст выражает сильные эмоции грусти и страха, связанные с восприятием картины. Грусть проявляется через описание тяжелой жизни и внутренней боли женщины на картине. Страх выражен через упоминание паники и фонового страха. Есть также элементы гнева, связанные с агрессией и маской жесткости. Удивление выражено в описании постепенного раскрытия внутреннего состояния женщины.
Игорёк;Фермерша;Средний;"Это мужчина. В рубашке. Синей. Смотрит. Прямо четвертую стену рушит. 
 Не знаю, короткостриженный, с ушами. У него нет рта. Почему так? Это ужасающая картина. Там не было ужаса, я поэтому выбрал страх. Он очень похож на человека, но при этом он не похож на человека. Потому что у него нет рта. Он мясник. Ну или палач. Как раз вот эта вот средневековая одежда, наверное, намекает. Такой очень спокойный, мне кажется. Нет, нет, то есть он просто выполняет свою работу. Ну, нос. Вот этот треугольничек. И, наверное, когда я сказал мясник, это из-за этого вот этого красного фона. Он сделал ассоциацию с кровью. Не знаю. Затрудняюсь ответить. Не знаю. Будто такой вечер, лето, может быть, даже закат. Но это внутри помещения происходит. Вот такой чисто, как сказать... вот такой деревенский вайб. Вот такой, когда вечер, знаете, вот такой еще такой красный от солнца. Вот такое чистое, как будто вот бывает такое, что сейчас понимаешь, что сейчас будет тихо, ночь, никого вокруг, и такое тревожное, одновременно ощущение.";0.1;0.2;0.8;0.0;0.5;вот такой деревенский вайб | лето | даже закат;затрудняюсь ответить | никого вокруг;ужасающая картина | страх | мясник | палач | ассоциацию с кровью | тревожное ощущение;;четвертую стену рушит | нет рта | похож на человека, но не похож | средневековая одежда;Текст содержит сильные элементы страха, связанные с описанием картины как ужасающей и ассоциациями с мясником и кровью. Есть элементы удивления из-за необычных характеристик картины, таких как отсутствие рта и средневековая одежда. Легкая радость связана с упоминанием летнего вечера и заката, но она незначительна. Грусть выражена через чувство одиночества и неопределенности. Гнев отсутствует.
АлинаОбщ;Фермерша;Средний;"Смущение. Пытаюсь понять, это женщина или мужчина? Судя по ключице и чем-то похоже на грудь, это женщина и плечи покатые, ну пусть будет женщина. Как будто женщина из рабочего класса. Возможно, уставшая, возможно, после работы. Тот случай, когда фотосъемка назначена, а вообще не до нее всю эту неделю, но отменять уже поздно. Примерно такие вайбы.
 Блузка. Нарисованные тени хорошо прорисованы и объем создается. 
 Поиском зрачков. Руками. Работа руками точно. Ну у меня с хлебозаводом ассоциация почему-то, потому что надо работать руками. Прилично, в приличном понимании. 
 Такой советский менталитет. Сдержанность, какое-то отсутствие эмоций, может быть, серьезность. Улыбаемся только по праздникам и все такое. 
 Мне кажется, какая-то тяжесть добавляется из-за того, что рот не прорисован. Скорее всего, в это заложено... Может быть, в это заложен какой-то смысл, я не знаю. Может, слишком большое значение этому придаю. Но будто бы такое. Немое отсутствие смеха, что ли. Или наоборот, какая-то невоз... А может быть, это женщина, потому что какая-то невозможность говорить. Такая феминистическая повесточка. Фон давит сильно, поэтому, может быть, какая-то смущенность была, добавляет картина. Еще с такими красными какими-то... Ну, тоже такую жутковатость добавляет. Женская тема тоже прям... Бракурус и все сорта.";0.1;0.5;0.3;0.0;0.2;улыбаемся только по праздникам;возможно, уставшая | немое отсутствие смеха | невозможность говорить | тяжесть добавляется из-за того, что рот не прорисован;жутковатость добавляет | фон давит сильно;;смущение | попытка понять, это женщина или мужчина;Текст содержит элементы грусти, связанные с усталостью и отсутствием эмоций на картине. Есть небольшое чувство страха из-за жутковатости и давящего фона. Удивление выражено в смущении и попытке определить пол изображенного человека. Радость почти отсутствует, упоминается лишь в контексте редких улыбок.
Серёжа;Фермерша;Средний;"Я нажал страх, но это было скорее просто какая-то некомфортность, неприятие.
 Соответственно я вижу человека, изображенного в каком-то необычном стиле. Я не специалист по картинам, но этот стиль явно необычный. Но при этом, это что-то давящее. Как будто этот человек что-то от меня хочет, или этот человек каким-то образом на меня давит, поэтому я ощущаю какой-то дискомфорт. Я думаю... Не, я не думаю, я просто ощущаю дискомфорт. 
 Думаю, во-первых из-за фона, потому что он все-таки напрягающий, из-за того что это человек как будто нависает надо мной. Он как будто смотрит сверху вниз как будто. Ну вот. Соответственно вместе с фоном будто этот человек давит на меня.
 Почему-то, мне кажется что человек мясник. Как будто.. как будто он разбит. Как будто, я не знаю, как это точно называется, вот, насколько я знаю, то ли картина то ли фотография сделана была во время вьетнамской войны — солдаты тоже смотрят вникуда. Вот. Думаю, здесь то есть что-то такое же. Почему-то мне кажется так. Обычно думаю спокойный, добрый. И это будут главные черты. Почему спокойный добрый? Думаю объяснение в том что типа из-за каких-то форм. То есть этот человек выглядит большим добряком. Типа вот как вот рамках мультика вот большие персонажи они же добрые и спокойные. Вот.";0.1;0.3;0.5;0.0;0.4;человек выглядит большим добряком | спокойный добрый;человек как будто нависает надо мной | смотрят вникуда | как будто он разбит;напрягающий | давит на меня | ощущаю дискомфорт | страх | неприятие;;необычный стиль | явно необычный | каким-то образом на меня давит;Текст выражает в основном страх и дискомфорт из-за давящего и напрягающего изображения человека, который кажется нависающим и смотрящим сверху вниз. Есть элементы грусти, связанные с образом разбитого человека и ассоциациями с войной. Удивление связано с необычным стилем картины. Радость выражена слабо через описание человека как добряка, но это не основная эмоция.
